{"graph_0": {"_type": "graph-file", "path": "media/graph/g.r.a.p.h._.0_summary_953c016c.graph.json", "sha256": "953c016cba9720c9dc0f1d8a333b587e64dbb4f2cdbcf87049ddf864dd688a8d", "size": 2420}, "Train Loss: Basic": 0.04853861960447249, "_step": 39, "_runtime": 1140, "_timestamp": 1606101118, "Test Loss: Basic": 0.04728123615384102, "Test Accuracy: Basic": 98.52, "gradients/fc.4.bias": {"_type": "histogram", "values": [1.0, 0.0, 0.0, 0.0, 0.0, 1.0, 0.0, 0.0, 0.0, 0.0, 0.0, 0.0, 0.0, 0.0, 0.0, 0.0, 0.0, 0.0, 0.0, 0.0, 0.0, 0.0, 0.0, 0.0, 0.0, 1.0, 0.0, 0.0, 0.0, 0.0, 0.0, 0.0, 0.0, 0.0, 1.0, 0.0, 0.0, 1.0, 1.0, 0.0, 1.0, 1.0, 1.0, 0.0, 0.0, 0.0, 0.0, 0.0, 0.0, 0.0, 0.0, 0.0, 0.0, 0.0, 0.0, 0.0, 0.0, 0.0, 0.0, 0.0, 0.0, 0.0, 0.0, 1.0], "bins": [-0.004603022243827581, -0.004463532008230686, -0.004324041772633791, -0.004184552002698183, -0.004045061767101288, -0.0039055715315043926, -0.0037660812959074974, -0.003626591060310602, -0.0034871010575443506, -0.0033476108219474554, -0.003208120819181204, -0.0030686305835843086, -0.0029291403479874134, -0.002789650345221162, -0.0026501601096242666, -0.002510670106858015, -0.00237117987126112, -0.0022316896356642246, -0.002092199632897973, -0.0019527093973010778, -0.0018132192781195045, -0.001673729158937931, -0.0015342389233410358, -0.0013947488041594625, -0.001255258684977889, -0.0011157685657963157, -0.0009762783884070814, -0.0008367882110178471, -0.0006972980918362737, -0.0005578079726547003, -0.000418317795265466, -0.00027882761787623167, -0.0001393379643559456, 1.5218392945826054e-07, 0.0001396423322148621, 0.00027913248050026596, 0.0004186226287856698, 0.0005581127479672432, 0.0006976029253564775, 0.0008370931027457118, 0.0009765832219272852, 0.0011160733411088586, 0.001255563460290432, 0.0013950536958873272, 0.0015345438150689006, 0.001674033934250474, 0.0018135241698473692, 0.0019530142890289426, 0.002092504408210516, 0.002231994643807411, 0.0023714846465736628, 0.002510974882170558, 0.0026504648849368095, 0.0027899551205337048, 0.0029294453561306, 0.003068935591727495, 0.0032084255944937468, 0.003347915830090642, 0.0034874058328568935, 0.0036268960684537888, 0.003766386304050684, 0.0039058763068169355, 0.004045366309583187, 0.004184856545180082, 0.0043243467807769775]}, "gradients/fc.4.weight": {"_type": "histogram", "values": [1.0, 0.0, 1.0, 1.0, 0.0, 0.0, 1.0, 1.0, 1.0, 2.0, 1.0, 1.0, 3.0, 3.0, 2.0, 2.0, 2.0, 7.0, 4.0, 9.0, 8.0, 10.0, 11.0, 6.0, 14.0, 13.0, 10.0, 12.0, 15.0, 16.0, 21.0, 39.0, 29.0, 45.0, 280.0, 73.0, 86.0, 82.0, 53.0, 40.0, 22.0, 11.0, 16.0, 7.0, 4.0, 4.0, 5.0, 3.0, 2.0, 2.0, 2.0, 3.0, 2.0, 1.0, 3.0, 2.0, 0.0, 0.0, 4.0, 0.0, 0.0, 1.0, 0.0, 1.0], "bins": [-0.04342476278543472, -0.04215548187494278, -0.040886200964450836, -0.03961692005395889, -0.03834763914346695, -0.037078358232975006, -0.03580907732248306, -0.03453979641199112, -0.033270515501499176, -0.03200123459100723, -0.03073195368051529, -0.029462672770023346, -0.028193391859531403, -0.02692411094903946, -0.025654830038547516, -0.024385549128055573, -0.02311626821756363, -0.021846987307071686, -0.020577706396579742, -0.0193084254860878, -0.018039144575595856, -0.016769863665103912, -0.015500582754611969, -0.014231301844120026, -0.012962020933628082, -0.011692740023136139, -0.010423459112644196, -0.009154178202152252, -0.007884897291660309, -0.0066156163811683655, -0.005346335470676422, -0.004077054560184479, -0.0028077736496925354, -0.001538492739200592, -0.0002692118287086487, 0.0010000690817832947, 0.002269349992275238, 0.0035386309027671814, 0.004807911813259125, 0.006077192723751068, 0.0073464736342430115, 0.008615754544734955, 0.009885035455226898, 0.011154316365718842, 0.012423597276210785, 0.013692878186702728, 0.014962159097194672, 0.016231440007686615, 0.01750072091817856, 0.0187700018286705, 0.020039282739162445, 0.02130856364965439, 0.022577844560146332, 0.023847125470638275, 0.02511640638113022, 0.026385687291622162, 0.027654968202114105, 0.02892424911260605, 0.030193530023097992, 0.031462810933589935, 0.03273209184408188, 0.03400137275457382, 0.035270653665065765, 0.03653993457555771, 0.03780921548604965]}, "gradients/fc.2.bias": {"_type": "histogram", "values": [1.0, 0.0, 0.0, 0.0, 0.0, 0.0, 0.0, 0.0, 0.0, 1.0, 0.0, 1.0, 1.0, 0.0, 4.0, 2.0, 0.0, 1.0, 2.0, 1.0, 0.0, 0.0, 3.0, 0.0, 1.0, 2.0, 1.0, 2.0, 0.0, 3.0, 4.0, 5.0, 1.0, 2.0, 2.0, 4.0, 2.0, 17.0, 0.0, 1.0, 2.0, 3.0, 2.0, 1.0, 2.0, 2.0, 3.0, 1.0, 4.0, 0.0, 1.0, 2.0, 4.0, 1.0, 1.0, 0.0, 1.0, 2.0, 2.0, 0.0, 0.0, 0.0, 0.0, 2.0], "bins": [-0.002096931915730238, -0.002040307270362973, -0.001983682392165065, -0.0019270577467978, -0.0018704331014305353, -0.0018138083396479487, -0.0017571835778653622, -0.0017005589324980974, -0.0016439342871308327, -0.001587309525348246, -0.0015306848799809813, -0.0014740601181983948, -0.00141743547283113, -0.0013608107110485435, -0.0013041859492659569, -0.0012475613038986921, -0.0011909365421161056, -0.001134311780333519, -0.0010776871349662542, -0.0010210623731836677, -0.0009644377278164029, -0.0009078129660338163, -0.0008511882624588907, -0.000794563558883965, -0.0007379388553090394, -0.0006813141517341137, -0.000624689448159188, -0.0005680647445842624, -0.0005114399828016758, -0.0004548153083305806, -0.0003981905756518245, -0.0003415658720768988, -0.00028494116850197315, -0.0002283164649270475, -0.0001716917468002066, -0.00011506702867336571, -5.844232509844005e-05, -1.81762152351439e-06, 5.480711115524173e-05, 0.00011143181473016739, 0.00016805651830509305, 0.0002246812218800187, 0.00028130592545494437, 0.0003379306581337005, 0.00039455536170862615, 0.0004511800652835518, 0.0005078047979623079, 0.0005644295015372336, 0.0006210542051121593, 0.0006776789086870849, 0.0007343036122620106, 0.0007909283740445971, 0.0008475530194118619, 0.0009041777811944485, 0.0009608024847693741, 0.0010174271883442998, 0.0010740519501268864, 0.001130676711909473, 0.0011873013572767377, 0.0012439261190593243, 0.001300550764426589, 0.0013571755262091756, 0.0014138002879917622, 0.001470424933359027, 0.0015270495787262917]}, "gradients/fc.2.weight": {"_type": "histogram", "values": [1.0, 0.0, 0.0, 0.0, 0.0, 0.0, 0.0, 0.0, 1.0, 3.0, 1.0, 0.0, 0.0, 2.0, 5.0, 5.0, 2.0, 5.0, 5.0, 3.0, 8.0, 11.0, 11.0, 19.0, 22.0, 40.0, 52.0, 61.0, 83.0, 112.0, 183.0, 207.0, 270.0, 398.0, 509.0, 671.0, 4193.0, 843.0, 612.0, 472.0, 311.0, 271.0, 171.0, 128.0, 87.0, 57.0, 51.0, 29.0, 27.0, 17.0, 5.0, 9.0, 7.0, 3.0, 4.0, 4.0, 2.0, 3.0, 1.0, 1.0, 0.0, 0.0, 1.0, 1.0], "bins": [-0.027034562081098557, -0.026301026344299316, -0.025567488744854927, -0.024833953008055687, -0.024100417271256447, -0.023366881534457207, -0.022633343935012817, -0.021899808198213577, -0.021166272461414337, -0.020432736724615097, -0.019699199125170708, -0.018965663388371468, -0.018232127651572227, -0.017498591914772987, -0.016765054315328598, -0.016031518578529358, -0.015297981910407543, -0.014564445242285728, -0.013830909505486488, -0.013097372837364674, -0.012363837100565434, -0.011630300432443619, -0.010896764695644379, -0.010163228027522564, -0.00942969135940075, -0.008696154691278934, -0.007962618954479694, -0.00722908228635788, -0.0064955465495586395, -0.005762009881436825, -0.005028473678976297, -0.00429493747651577, -0.00356140173971653, -0.0028278655372560024, -0.002094329334795475, -0.001360792899504304, -0.0006272566970437765, 0.00010627950541675091, 0.000839815940707922, 0.0015733521431684494, 0.002306888345628977, 0.0030404245480895042, 0.0037739607505500317, 0.004507496953010559, 0.005241033621132374, 0.005974569357931614, 0.006708106026053429, 0.007441642228513956, 0.008175178430974483, 0.008908715099096298, 0.009642250835895538, 0.010375787504017353, 0.011109323240816593, 0.011842859908938408, 0.012576395645737648, 0.013309932313859463, 0.014043468981981277, 0.014777005650103092, 0.015510541386902332, 0.016244078055024147, 0.016977613791823387, 0.017711149528622627, 0.018444687128067017, 0.019178222864866257, 0.019911758601665497]}, "gradients/fc.0.bias": {"_type": "histogram",