{"graph_0": {"_type": "graph-file", "path": "media/graph/g.r.a.p.h._.0_summary_e58ee118.graph.json", "sha256": "e58ee118b461c71810bf8a3b5d4d49edb9323b42b63f8b9443737af7db933acf", "size": 1297}, "Train Loss: Basic": 0.08916145760825384, "_step": 9, "_runtime": 160, "_timestamp": 1605996522, "Test Loss: Basic": 0.05194464673697948, "Test Accuracy: Basic": 98.21, "gradients/fc2.bias": {"_type": "histogram", "values": [1.0, 0.0, 0.0, 0.0, 1.0, 0.0, 0.0, 0.0, 0.0, 0.0, 0.0, 0.0, 0.0, 0.0, 0.0, 0.0, 0.0, 0.0, 0.0, 0.0, 0.0, 0.0, 0.0, 0.0, 0.0, 0.0, 0.0, 2.0, 1.0, 0.0, 0.0, 0.0, 0.0, 0.0, 0.0, 1.0, 0.0, 0.0, 0.0, 0.0, 1.0, 0.0, 0.0, 0.0, 0.0, 1.0, 0.0, 0.0, 0.0, 0.0, 0.0, 0.0, 0.0, 0.0, 0.0, 0.0, 0.0, 0.0, 0.0, 0.0, 0.0, 0.0, 1.0, 1.0], "bins": [-0.015728814527392387, -0.015258765779435635, -0.014788717031478882, -0.014318669214844704, -0.013848620466887951, -0.013378571718931198, -0.01290852390229702, -0.012438475154340267, -0.011968426406383514, -0.011498377658426762, -0.011028328910470009, -0.01055828109383583, -0.010088232345879078, -0.009618183597922325, -0.009148135781288147, -0.008678087033331394, -0.008208038285374641, -0.007737989537417889, -0.007267941255122423, -0.006797892972826958, -0.006327844224870205, -0.005857795476913452, -0.005387747194617987, -0.004917698912322521, -0.004447650164365768, -0.003977601416409016, -0.00350755313411355, -0.003037504618987441, -0.002567456103861332, -0.002097407588735223, -0.0016273590736091137, -0.0011573105584830046, -0.0006872629746794701, -0.00021721445955336094, 0.0002528340555727482, 0.0007228825706988573, 0.0011929310858249664, 0.0016629796009510756, 0.0021330281160771847, 0.002603076631203294, 0.003073125146329403, 0.003543173661455512, 0.004013222176581621, 0.004483270458877087, 0.004953319206833839, 0.005423367954790592, 0.005893416237086058, 0.006363464519381523, 0.006833513267338276, 0.007303562015295029, 0.007773610297590494, 0.00824365857988596, 0.008713707327842712, 0.009183756075799465, 0.009653804823756218, 0.010123852640390396, 0.010593901388347149, 0.011063950136303902, 0.01153399795293808, 0.012004046700894833, 0.012474095448851585, 0.012944144196808338, 0.013414192944765091, 0.013884240761399269, 0.014354289509356022]}, "gradients/fc2.weight": {"_type": "histogram", "values": [1.0, 1.0, 0.0, 0.0, 0.0, 0.0, 1.0, 1.0, 2.0, 2.0, 0.0, 0.0, 2.0, 1.0, 4.0, 1.0, 0.0, 0.0, 4.0, 7.0, 2.0, 0.0, 2.0, 5.0, 8.0, 3.0, 6.0, 8.0, 10.0, 21.0, 18.0, 33.0, 155.0, 843.0, 37.0, 18.0, 17.0, 6.0, 8.0, 9.0, 7.0, 4.0, 1.0, 2.0, 4.0, 4.0, 4.0, 2.0, 1.0, 0.0, 3.0, 0.0, 3.0, 0.0, 4.0, 0.0, 0.0, 2.0, 0.0, 1.0, 0.0, 0.0, 1.0, 1.0], "bins": [-0.2159920334815979, -0.20945042371749878, -0.20290881395339966, -0.19636718928813934, -0.18982557952404022, -0.1832839697599411, -0.1767423450946808, -0.17020073533058167, -0.16365912556648254, -0.15711751580238342, -0.1505759060382843, -0.144034281373024, -0.13749267160892487, -0.13095106184482574, -0.12440944463014603, -0.11786782741546631, -0.11132621765136719, -0.10478460788726807, -0.09824299067258835, -0.09170137345790863, -0.08515976369380951, -0.07861815392971039, -0.07207653671503067, -0.06553491950035095, -0.05899330973625183, -0.05245169624686241, -0.04591008275747299, -0.03936846926808357, -0.03282685577869415, -0.026285242289304733, -0.019743628799915314, -0.013202015310525894, -0.006660386919975281, -0.0001187734305858612, 0.006422840058803558, 0.012964453548192978, 0.019506067037582397, 0.026047680526971817, 0.03258929401636124, 0.039130907505750656, 0.045672520995140076, 0.052214134484529495, 0.058755747973918915, 0.06529736518859863, 0.07183897495269775, 0.07838058471679688, 0.08492220193147659, 0.09146381914615631, 0.09800542891025543, 0.10454703867435455, 0.11108865588903427, 0.11763027310371399, 0.12417188286781311, 0.13071349263191223, 0.13725510239601135, 0.14379672706127167, 0.1503383368253708, 0.1568799465894699, 0.16342157125473022, 0.16996318101882935, 0.17650479078292847, 0.1830464005470276, 0.1895880103111267, 0.19612963497638702, 0.20267124474048615]}, "gradients/fc1.bias": {"_type": "histogram", "values": [3.0, 1.0, 0.0, 3.0, 1.0, 0.0, 2.0, 1.0, 1.0, 0.0, 0.0, 2.0, 4.0, 1.0, 4.0, 8.0, 4.0, 10.0, 19.0, 25.0, 4.0, 3.0, 4.0, 2.0, 2.0, 0.0, 1.0, 1.0, 2.0, 2.0, 1.0, 2.0, 2.0, 2.0, 1.0, 0.0, 4.0, 0.0, 0.0, 1.0, 0.0, 0.0, 0.0, 0.0, 0.0, 0.0, 0.0, 0.0, 1.0, 0.0, 0.0, 0.0, 0.0, 1.0, 1.0, 1.0, 0.0, 0.0, 0.0, 0.0, 0.0, 0.0, 0.0, 1.0], "bins": [-0.004824104253202677, -0.0045728241093456745, -0.004321543965488672, -0.004070264287292957, -0.003818984143435955, -0.003567703999578953, -0.0033164238557219505, -0.0030651437118649483, -0.0028138638008385897, -0.0025625836569815874, -0.002311303745955229, -0.0020600236020982265, -0.0018087435746565461, -0.0015574635472148657, -0.0013061834033578634, -0.001054903375916183, -0.0008036233484745026, -0.0005523433210328221, -0.0003010632353834808, -4.978314973413944e-05, 0.000201496877707541, 0.0004527769051492214, 0.0007040570490062237, 0.0009553370764479041, 0.0012066171038895845, 0.001457897131331265, 0.0017091771587729454, 0.0019604573026299477, 0.00221173744648695, 0.0024630173575133085, 0.002714297501370311, 0.0029655774123966694, 0.003216858021914959, 0.003468138165771961, 0.00371941807679832, 0.003970698453485966, 0.004221978131681681, 0.004473258275538683, 0.004724538419395685, 0.0049758185632526875, 0.005227098241448402, 0.005478378385305405, 0.005729658529162407, 0.005980938673019409, 0.006232218351215124, 0.006483498495072126, 0.006734778638929129, 0.006986058782786131, 0.007237338926643133, 0.007488619070500135, 0.007739899214357138, 0.007991178892552853, 0.008242459036409855, 0.008493739180266857, 0.00874501932412386, 0.008996299467980862, 0.009247579611837864, 0.009498859755694866, 0.009750139899551868, 0.01000142004340887, 0.010252700187265873, 0.0105039793998003, 0.010755259543657303, 0.011006539687514305, 0.011257819831371307]}, "gradients/fc1.weight": {"_type": "histogram", "values": [4.0, 1.0, 8.0, 14.0, 22.0, 35.0, 43.0, 57.0, 110.0, 147.0, 183.0, 305.0, 342.0, 470.0, 686.0, 816.0, 1078.0, 1423.0, 1978.0, 3180.0, 6301.0, 10827.0, 30276.0, 1405181.0, 84400.0, 19996.0, 11837.0, 7073.0, 4376.0, 3403.0, 2532.0, 1881.0, 1512.0, 1139.0, 878.0, 720.0, 561.0, 466.0, 279.0, 264.0, 164.0, 130.0, 122.0, 86.0, 78.0, 71.0, 48.0, 37.0, 20.0, 18.0, 7.0, 10.0, 10.0, 8.0, 3.0, 4.0, 2.0, 3.0, 3.0, 0.0, 0.0, 1.0, 1.0, 2.0], "bins": [-0.037189777940511703, -0.03562873229384422, -0.03406768664717674, -0.03250664100050926, -0.03094559535384178, -0.0293845497071743, -0.02782350219786167, -0.02626245655119419, -0.02470141090452671, -0.02314036525785923, -0.02157931961119175, -0.02001827210187912, -0.01845722645521164, -0.01689618080854416, -0.015335135161876678, -0.013774089515209198, -0.012213043868541718, -0.010651998221874237, -0.009090952575206757, -0.0075299059972167015, -0.005968860350549221, -0.004407814703881741, -0.0028467681258916855, -0.001285722479224205, 0.00027532316744327545, 0.0018363690469413996, 0.0033974149264395237, 0.0049584610387682915, 0.006519506685435772, 0.008080552332103252, 0.009641598910093307, 0.011202644556760788, 0.01276368647813797, 0.01432473212480545, 0.01588577777147293, 0.01744682341814041, 0.019007869064807892, 0.020568914711475372, 0.022129962220788002, 0.023691007867455482, 0.025252053514122963, 0.026813099160790443, 0.028374144807457924, 0.029935192316770554, 0.031496237963438034, 0.033057283610105515, 0.034618329256772995, 0.036179374903440475, 0.037740420550107956, 0.039301466196775436, 0.04086251184344292, 0.0424235574901104, 0.04398460313677788, 0.04554564878344536, 0.04710669815540314, 0.04866774380207062, 0.0502287894487381, 0.05178983509540558, 0.05335088074207306, 0.05491192638874054, 0.05647297203540802, 0.0580340176820755, 0.05959506332874298, 0.06115610897541046, 0.06271715462207794]}, "gradients/conv2.bias": {"_type": "histogram",