{"graph_0": {"_type": "graph-file", "path": "media/graph/g.r.a.p.h._.0_summary_9df63e14.graph.json", "sha256": "9df63e14fad8175515d55bdbe57c13d8fa178eb5a1f60dcf03469e93cbe051ea", "size": 1297}, "Train Loss: Basic": 0.10194949901489458, "_step": 7, "_runtime": 131, "_timestamp": 1605996317, "Test Loss: Basic": 0.05814832953354344, "Test Accuracy: Basic": 98.08, "gradients/fc2.bias": {"_type": "histogram", "values": [1.0, 0.0, 0.0, 0.0, 0.0, 0.0, 0.0, 0.0, 0.0, 1.0, 0.0, 0.0, 0.0, 0.0, 0.0, 0.0, 0.0, 0.0, 0.0, 0.0, 0.0, 0.0, 0.0, 0.0, 0.0, 0.0, 0.0, 0.0, 0.0, 0.0, 0.0, 2.0, 0.0, 2.0, 1.0, 1.0, 0.0, 0.0, 0.0, 0.0, 0.0, 0.0, 0.0, 0.0, 0.0, 0.0, 0.0, 0.0, 0.0, 0.0, 0.0, 0.0, 0.0, 0.0, 0.0, 0.0, 0.0, 0.0, 0.0, 0.0, 1.0, 0.0, 0.0, 1.0], "bins": [-0.014567972160875797, -0.014134212397038937, -0.013700452633202076, -0.013266692869365215, -0.012832933105528355, -0.012399173341691494, -0.011965413577854633, -0.011531653814017773, -0.011097894050180912, -0.010664134286344051, -0.01023037452250719, -0.00979661475867033, -0.00936285499483347, -0.008929095230996609, -0.008495335467159748, -0.008061575703322887, -0.007627815939486027, -0.007194056175649166, -0.0067602964118123055, -0.006326536647975445, -0.005892776884138584, -0.0054590171203017235, -0.005025257356464863, -0.004591497592628002, -0.0041577378287911415, -0.003723978064954281, -0.00329021830111742, -0.0028564585372805595, -0.002422698773443699, -0.0019889390096068382, -0.0015551792457699776, -0.001121419481933117, -0.0006876606494188309, -0.0002539008855819702, 0.00017985887825489044, 0.0006136186420917511, 0.0010473784059286118, 0.0014811381697654724, 0.001914897933602333, 0.0023486576974391937, 0.0027824174612760544, 0.003216177225112915, 0.0036499369889497757, 0.004083696752786636, 0.004517456516623497, 0.004951216280460358, 0.005384976044297218, 0.005818735808134079, 0.00625249557197094, 0.0066862553358078, 0.007120015099644661, 0.007553774863481522, 0.007987534627318382, 0.008421294391155243, 0.008855054154992104, 0.009288813918828964, 0.009722573682665825, 0.010156333446502686, 0.010590093210339546, 0.011023852974176407, 0.011457612738013268, 0.011891372501850128, 0.012325132265686989, 0.01275889202952385, 0.01319265179336071]}, "gradients/fc2.weight": {"_type": "histogram", "values": [1.0, 1.0, 1.0, 1.0, 0.0, 2.0, 1.0, 0.0, 0.0, 0.0, 1.0, 0.0, 2.0, 1.0, 1.0, 2.0, 3.0, 3.0, 1.0, 1.0, 2.0, 3.0, 2.0, 4.0, 2.0, 6.0, 11.0, 10.0, 18.0, 42.0, 155.0, 860.0, 65.0, 17.0, 14.0, 9.0, 3.0, 4.0, 5.0, 0.0, 2.0, 1.0, 2.0, 1.0, 2.0, 3.0, 1.0, 3.0, 1.0, 1.0, 0.0, 2.0, 1.0, 0.0, 0.0, 0.0, 3.0, 0.0, 1.0, 0.0, 0.0, 1.0, 0.0, 1.0], "bins": [-0.14440058171749115, -0.1397641897201538, -0.13512779772281647, -0.13049140572547913, -0.1258549988269806, -0.12121861428022385, -0.11658221483230591, -0.11194582283496857, -0.10730943083763123, -0.10267303884029388, -0.09803664684295654, -0.0934002473950386, -0.08876385539770126, -0.08412746340036392, -0.07949106395244598, -0.07485467195510864, -0.0702182799577713, -0.06558188796043396, -0.06094549223780632, -0.05630909651517868, -0.05167270451784134, -0.047036312520504, -0.04239991679787636, -0.03776352107524872, -0.03312712907791138, -0.028490735217928886, -0.023854341357946396, -0.019217947497963905, -0.014581553637981415, -0.009945159777998924, -0.005308765918016434, -0.0006723701953887939, 0.003964021801948547, 0.008600415661931038, 0.013236809521913528, 0.01787320338189602, 0.02250959724187851, 0.027145991101861, 0.03178238496184349, 0.03641878068447113, 0.04105517268180847, 0.04569156467914581, 0.05032796040177345, 0.05496435612440109, 0.059600748121738434, 0.06423714011907578, 0.06887353956699371, 0.07350993156433105, 0.0781463235616684, 0.08278271555900574, 0.08741910755634308, 0.09205550700426102, 0.09669189900159836, 0.1013282909989357, 0.10596469044685364, 0.11060108244419098, 0.11523747444152832, 0.11987386643886566, 0.124510258436203, 0.12914665043354034, 0.13378304243087769, 0.13841944932937622, 0.14305584132671356, 0.1476922333240509, 0.15232862532138824]}, "gradients/fc1.bias": {"_type": "histogram", "values": [1.0, 0.0, 0.0, 0.0, 0.0, 0.0, 0.0, 0.0, 0.0, 0.0, 0.0, 0.0, 0.0, 0.0, 2.0, 0.0, 0.0, 0.0, 0.0, 0.0, 0.0, 0.0, 0.0, 0.0, 0.0, 0.0, 0.0, 1.0, 1.0, 2.0, 0.0, 3.0, 1.0, 4.0, 7.0, 4.0, 13.0, 23.0, 24.0, 3.0, 8.0, 5.0, 1.0, 2.0, 1.0, 1.0, 2.0, 1.0, 0.0, 3.0, 2.0, 0.0, 1.0, 1.0, 2.0, 0.0, 3.0, 1.0, 1.0, 0.0, 0.0, 1.0, 0.0, 3.0], "bins": [-0.005429766606539488, -0.005288639105856419, -0.005147511605173349, -0.0050063845701515675, -0.004865257069468498, -0.004724129568785429, -0.00458300206810236, -0.0044418745674192905, -0.004300747066736221, -0.004159619566053152, -0.004018492065370083, -0.0038773647975176573, -0.0037362375296652317, -0.0035951100289821625, -0.0034539825282990932, -0.003312855027616024, -0.003171727992594242, -0.003030600491911173, -0.0028894732240587473, -0.002748345723375678, -0.0026072184555232525, -0.0024660909548401833, -0.002324963454157114, -0.002183835953474045, -0.0020427086856216192, -0.0019015813013538718, -0.0017604539170861244, -0.0016193264164030552, -0.0014781990321353078, -0.0013370716478675604, -0.0011959441471844912, -0.0010548167629167438, -0.0009136891458183527, -0.0007725617615506053, -0.000631434319075197, -0.0004903068765997887, -0.00034917949233204126, -0.00020805210806429386, -6.692466558888555e-05, 7.420277688652277e-05, 0.00021533016115427017, 0.00035645757452584803, 0.0004975849878974259, 0.0006387124303728342, 0.0007798398146405816, 0.000920967198908329, 0.0010620946995913982, 0.0012032220838591456, 0.001344349468126893, 0.0014854768523946404, 0.0016266042366623878, 0.001767731737345457, 0.0019088591216132045, 0.002049986505880952, 0.002191114006564021, 0.0023322412744164467, 0.002473368775099516, 0.002614496275782585, 0.0027556235436350107, 0.00289675104431808, 0.0030378783121705055, 0.0031790058128535748, 0.003320133313536644, 0.003461260814219713, 0.003602388082072139]}, "gradients/fc1.weight": {"_type": "histogram", "values": [1.0, 2.0, 4.0, 4.0, 6.0, 5.0, 7.0, 10.0, 12.0, 16.0, 9.0, 20.0, 21.0, 51.0, 51.0, 68.0, 68.0, 80.0, 95.0, 118.0, 136.0, 163.0, 191.0, 253.0, 337.0, 445.0, 694.0, 965.0, 1815.0, 3684.0, 11238.0, 53024.0, 1445078.0, 47792.0, 15989.0, 7700.0, 4514.0, 3188.0, 2116.0, 1492.0, 1059.0, 782.0, 553.0, 433.0, 336.0, 279.0, 209.0, 148.0, 110.0, 80.0, 58.0, 44.0, 30.0, 14.0, 17.0, 5.0, 4.0, 1.0, 3.0, 0.0, 4.0, 0.0, 0.0, 1.0], "bins": [-0.026719385758042336, -0.025898076593875885, -0.025076769292354584, -0.024255460128188133, -0.023434150964021683, -0.022612841799855232, -0.021791532635688782, -0.02097022533416748, -0.02014891617000103, -0.01932760700583458, -0.018506299704313278, -0.017684990540146828, -0.016863681375980377, -0.016042372211813927, -0.01522106397897005, -0.014399755746126175, -0.013578446581959724, -0.012757137417793274, -0.011935829184949398, -0.011114520952105522, -0.010293211787939072, -0.009471902623772621, -0.008650594390928745, -0.00782928615808487, -0.007007976993918419, -0.006186668295413256, -0.0053653595969080925, -0.004544050898402929, -0.003722742199897766, -0.002901433501392603, -0.0020801248028874397, -0.0012588161043822765, -0.00043750740587711334, 0.00038380129262804985, 0.001205109991133213, 0.0020264186896383762, 0.0028477273881435394, 0.0036690360866487026, 0.004490344785153866, 0.005311653483659029, 0.006132962182164192, 0.006954270880669355, 0.007775579579174519, 0.008596887812018394, 0.009418196976184845, 0.010239506140351295, 0.011060814373195171, 0.011882122606039047, 0.012703431770205498, 0.013524740934371948, 0.014346049167215824, 0.0151673574000597, 0.01598866656422615, 0.0168099757283926, 0.01763128489255905, 0.018452592194080353, 0.019273901358246803, 0.020095210522413254, 0.020916517823934555, 0.021737826988101006, 0.022559136152267456, 0.023380445316433907, 0.024201754480600357, 0.02502306178212166, 0.02584437094628811]}, "gradients/conv2.bias": {"_type": "histogram",