{"graph_0": {"_type": "graph-file", "path": "media/graph/g.r.a.p.h._.0_summary_3645da9d.graph.json", "sha256": "3645da9db99e7990d061c8df0a16dc109fdc39a0181f921652673a9ad1bda25a", "size": 1297}, "Train Loss: Basic": 0.07877257360624934, "_step": 39, "_runtime": 735, "_timestamp": 1605988804, "Test Loss: Basic": 0.04967070925831795, "Test Accuracy: Basic": 98.17, "gradients/fc2.bias": {"_type": "histogram", "values": [1.0, 0.0, 0.0, 0.0, 0.0, 0.0, 0.0, 0.0, 0.0, 0.0, 0.0, 0.0, 0.0, 0.0, 0.0, 0.0, 0.0, 0.0, 0.0, 0.0, 0.0, 0.0, 0.0, 1.0, 0.0, 0.0, 0.0, 0.0, 0.0, 0.0, 0.0, 0.0, 2.0, 0.0, 0.0, 2.0, 1.0, 0.0, 1.0, 0.0, 0.0, 0.0, 0.0, 1.0, 0.0, 0.0, 0.0, 0.0, 0.0, 0.0, 0.0, 0.0, 0.0, 0.0, 0.0, 0.0, 0.0, 0.0, 0.0, 0.0, 0.0, 0.0, 0.0, 1.0], "bins": [-0.015283438377082348, -0.014837835915386677, -0.01439223438501358, -0.01394663192331791, -0.013501030392944813, -0.013055427931249142, -0.012609826400876045, -0.012164223939180374, -0.011718621477484703, -0.011273019015789032, -0.010827417485415936, -0.010381815023720264, -0.009936213493347168, -0.009490611031651497, -0.009045008569955826, -0.00859940703958273, -0.008153805509209633, -0.007708203513175249, -0.007262601517140865, -0.006816999055445194, -0.006371397525072098, -0.005925795063376427, -0.005480193067342043, -0.005034591071307659, -0.004588989075273275, -0.004143387079238892, -0.003697785083204508, -0.0032521828543394804, -0.0028065808583050966, -0.002360978862270713, -0.0019153766334056854, -0.0014697746373713017, -0.0010241717100143433, -0.0005785696557722986, -0.0001329676015302539, 0.0003126345109194517, 0.0007582365069538355, 0.0012038385029882193, 0.0016494407318532467, 0.0020950427278876305, 0.0025406447239220142, 0.002986246719956398, 0.003431848715990782, 0.003877450944855809, 0.004323053173720837, 0.004768654704093933, 0.005214257165789604, 0.005659859161823988, 0.006105461157858372, 0.0065510631538927555, 0.006996665149927139, 0.00744226761162281, 0.007887869141995907, 0.008333471603691578, 0.008779073134064674, 0.009224675595760345, 0.009670278057456017, 0.010115880519151688, 0.010561482049524784, 0.011007084511220455, 0.011452686041593552, 0.011898288503289223, 0.012343890964984894, 0.01278949249535799, 0.013235094025731087]}, "gradients/fc2.weight": {"_type": "histogram", "values": [1.0, 0.0, 0.0, 0.0, 0.0, 0.0, 0.0, 0.0, 0.0, 0.0, 1.0, 0.0, 1.0, 0.0, 0.0, 0.0, 0.0, 0.0, 2.0, 1.0, 1.0, 2.0, 1.0, 0.0, 1.0, 4.0, 4.0, 2.0, 8.0, 6.0, 4.0, 13.0, 18.0, 975.0, 163.0, 20.0, 12.0, 6.0, 11.0, 5.0, 3.0, 4.0, 1.0, 0.0, 3.0, 1.0, 1.0, 2.0, 0.0, 0.0, 0.0, 0.0, 1.0, 0.0, 1.0, 0.0, 0.0, 0.0, 0.0, 0.0, 0.0, 0.0, 0.0, 1.0], "bins": [-0.3009345233440399, -0.2920535206794739, -0.2831725478172302, -0.2742915451526642, -0.26541054248809814, -0.2565295398235321, -0.24764855206012726, -0.2387675642967224, -0.22988656163215637, -0.22100555896759033, -0.21212457120418549, -0.20324358344078064, -0.1943625807762146, -0.18548157811164856, -0.1766005903482437, -0.16771960258483887, -0.15883859992027283, -0.1499575972557068, -0.14107660949230194, -0.1321956217288971, -0.12331461906433105, -0.11443362385034561, -0.10555262863636017, -0.09667163342237473, -0.08779063820838928, -0.07890964299440384, -0.0700286477804184, -0.06114765256643295, -0.05226665735244751, -0.04338566213846207, -0.034504666924476624, -0.02562367171049118, -0.016742676496505737, -0.007861681282520294, 0.001019313931465149, 0.009900309145450592, 0.018781304359436035, 0.02766229957342148, 0.03654329478740692, 0.045424290001392365, 0.05430528521537781, 0.06318628042936325, 0.0720672756433487, 0.08094827085733414, 0.08982926607131958, 0.09871026128530502, 0.10759125649929047, 0.11647225171327591, 0.12535324692726135, 0.1342342495918274, 0.14311523735523224, 0.15199622511863708, 0.16087722778320312, 0.16975823044776917, 0.178639218211174, 0.18752020597457886, 0.1964012086391449, 0.20528221130371094, 0.21416319906711578, 0.22304418683052063, 0.23192518949508667, 0.2408061921596527, 0.24968717992305756, 0.2585681676864624, 0.26744917035102844]}, "gradients/fc1.bias": {"_type": "histogram", "values": [1.0, 0.0, 1.0, 0.0, 0.0, 0.0, 0.0, 1.0, 0.0, 0.0, 0.0, 0.0, 0.0, 0.0, 0.0, 1.0, 0.0, 0.0, 1.0, 0.0, 0.0, 1.0, 1.0, 2.0, 2.0, 2.0, 3.0, 3.0, 9.0, 30.0, 36.0, 6.0, 6.0, 2.0, 1.0, 4.0, 1.0, 0.0, 0.0, 0.0, 0.0, 0.0, 0.0, 0.0, 0.0, 1.0, 1.0, 1.0, 2.0, 1.0, 0.0, 0.0, 0.0, 0.0, 0.0, 3.0, 1.0, 0.0, 0.0, 2.0, 0.0, 0.0, 0.0, 2.0], "bins": [-0.005804113578051329, -0.00561159523203969, -0.005419076420366764, -0.005226558074355125, -0.005034039728343487, -0.004841520916670561, -0.004649002570658922, -0.004456483758985996, -0.004263965412974358, -0.004071447066962719, -0.003878928255289793, -0.0036864099092781544, -0.003493891330435872, -0.0033013727515935898, -0.003108854405581951, -0.002916335826739669, -0.0027238172478973866, -0.0025312986690551043, -0.002338780090212822, -0.0021462617442011833, -0.001953743165358901, -0.0017612245865166187, -0.0015687061240896583, -0.0013761876616626978, -0.0011836690828204155, -0.0009911505039781332, -0.0007986320415511727, -0.0006061135209165514, -0.00041359500028192997, -0.0002210764796473086, -2.8557959012687206e-05, 0.00016396050341427326, 0.00035647908225655556, 0.0005489976028911769, 0.0007415161235257983, 0.0009340346441604197, 0.001126553164795041, 0.0013190717436373234, 0.0015115902060642838, 0.0017041086684912443, 0.0018966272473335266, 0.002089145826175809, 0.002281664405018091, 0.00247418275102973, 0.002666701329872012, 0.0028592199087142944, 0.003051738254725933, 0.0032442568335682154, 0.0034367754124104977, 0.00362929399125278, 0.0038218125700950623, 0.004014330916106701, 0.0042068492621183395, 0.0043993680737912655, 0.004591886419802904, 0.00478440523147583, 0.004976923577487469, 0.005169441923499107, 0.005361960735172033, 0.005554479081183672, 0.005746997892856598, 0.0059395162388682365, 0.006132034584879875, 0.006324552930891514, 0.00651707174256444]}, "gradients/fc1.weight": {"_type": "histogram", "values": [2.0, 1.0, 3.0, 5.0, 3.0, 6.0, 9.0, 14.0, 22.0, 38.0, 35.0, 45.0, 54.0, 72.0, 101.0, 125.0, 154.0, 190.0, 260.0, 301.0, 408.0, 536.0, 651.0, 916.0, 1428.0, 2489.0, 4381.0, 7394.0, 21670.0, 1470898.0, 46430.0, 13987.0, 8998.0, 6017.0, 3679.0, 2560.0, 2208.0, 1722.0, 1413.0, 1231.0, 1029.0, 799.0, 741.0, 508.0, 433.0, 337.0, 270.0, 230.0, 190.0, 149.0, 113.0, 92.0, 79.0, 58.0, 55.0, 24.0, 19.0, 18.0, 8.0, 12.0, 3.0, 5.0, 2.0, 2.0], "bins": [-0.04452081397175789, -0.04302183911204338, -0.04152286425232887, -0.040023885667324066, -0.03852491080760956, -0.03702593594789505, -0.03552696108818054, -0.034027986228466034, -0.032529011368751526, -0.031030036509037018, -0.02953105978667736, -0.028032084926962852, -0.026533108204603195, -0.025034133344888687, -0.02353515848517418, -0.02203618362545967, -0.020537205040454865, -0.019038230180740356, -0.0175392534583807, -0.01604027859866619, -0.014541302807629108, -0.013042327016592026, -0.011543352156877518, -0.010044376365840435, -0.008545400574803352, -0.00704642478376627, -0.005547449458390474, -0.004048474133014679, -0.0025494983419775963, -0.0010505225509405136, 0.00044845230877399445, 0.0019474280998110771, 0.0034464001655578613, 0.004945375956594944, 0.006444351281970739, 0.007943326607346535, 0.009442302398383617, 0.0109412781894207, 0.012440253049135208, 0.01393922884017229, 0.015438204631209373, 0.01693717949092388, 0.01843615621328354, 0.019935131072998047, 0.021434105932712555, 0.022933082655072212, 0.02443205751478672, 0.025931034237146378, 0.027430009096860886, 0.028928983956575394, 0.03042796067893505, 0.03192693740129471, 0.033425912261009216, 0.034924887120723724, 0.03642386198043823, 0.03792283684015274, 0.03942181169986725, 0.04092078655958176, 0.042419761419296265, 0.04391873627901077, 0.04541771486401558, 0.04691668972373009, 0.048415664583444595, 0.0499146394431591, 0.05141361802816391]}, "gradients/conv2.bias": {"_type": "histogram",