{"graph_0": {"_type": "graph-file", "path": "media/graph/g.r.a.p.h._.0_summary_f61cb68e.graph.json", "sha256": "f61cb68e3f67be6dcf0a293d344dd1c06d9f2e403a5fe6cf3972af7f16adadcc", "size": 2420}, "Train Loss: Warp": 463.55097071729966, "_step": 2, "_runtime": 3334, "_timestamp": 1606104847, "Test Accuracy:Warp": 9.74, "Test Loss:Warp": 4.7458295822143555, "gradients/fc.4.bias": {"_type": "histogram", "values": [1.0, 0.0, 0.0, 0.0, 0.0, 0.0, 0.0, 0.0, 0.0, 0.0, 0.0, 0.0, 0.0, 0.0, 0.0, 0.0, 0.0, 0.0, 0.0, 0.0, 0.0, 0.0, 0.0, 0.0, 0.0, 0.0, 0.0, 0.0, 0.0, 0.0, 0.0, 0.0, 0.0, 0.0, 0.0, 0.0, 0.0, 0.0, 0.0, 0.0, 0.0, 0.0, 0.0, 0.0, 0.0, 0.0, 0.0, 0.0, 0.0, 0.0, 0.0, 0.0, 0.0, 0.0, 1.0, 0.0, 0.0, 0.0, 1.0, 1.0, 2.0, 1.0, 1.0, 2.0], "bins": [-62.457645416259766, -61.311195373535156, -60.16474533081055, -59.01829147338867, -57.87184143066406, -56.72539138793945, -55.578941345214844, -54.432491302490234, -53.286041259765625, -52.139591217041016, -50.993141174316406, -49.84668731689453, -48.70023727416992, -47.55378723144531, -46.4073371887207, -45.260887145996094, -44.11443328857422, -42.96798324584961, -41.821533203125, -40.675079345703125, -39.528629302978516, -38.382179260253906, -37.2357292175293, -36.08927917480469, -34.94282531738281, -33.7963752746582, -32.649925231933594, -31.50347328186035, -30.35702133178711, -29.2105712890625, -28.06412124633789, -26.91767120361328, -25.771224975585938, -24.624774932861328, -23.478322982788086, -22.331872940063477, -21.185420989990234, -20.038970947265625, -18.892520904541016, -17.746070861816406, -16.59961700439453, -15.453166007995605, -14.30671501159668, -13.16026496887207, -12.013813972473145, -10.867362976074219, -9.72091293334961, -8.574461936950684, -7.428011894226074, -6.281560897827148, -5.135110378265381, -3.988659620285034, -2.8422088623046875, -1.6957578659057617, -0.5493073463439941, 0.5971431732177734, 1.7435941696166992, 2.890044927597046, 4.036495685577393, 5.18294620513916, 6.329397201538086, 7.475848197937012, 8.622299194335938, 9.768749237060547, 10.915200233459473]}, "gradients/fc.4.weight": {"_type": "histogram", "values": [1.0, 0.0, 0.0, 1.0, 0.0, 1.0, 0.0, 0.0, 1.0, 0.0, 0.0, 0.0, 1.0, 0.0, 1.0, 2.0, 1.0, 2.0, 0.0, 2.0, 2.0, 1.0, 1.0, 0.0, 0.0, 3.0, 2.0, 4.0, 2.0, 1.0, 0.0, 2.0, 2.0, 1.0, 3.0, 1.0, 1.0, 1.0, 3.0, 2.0, 3.0, 4.0, 6.0, 4.0, 1.0, 2.0, 0.0, 1.0, 2.0, 5.0, 0.0, 0.0, 0.0, 0.0, 360.0, 154.0, 155.0, 93.0, 74.0, 41.0, 28.0, 13.0, 5.0, 4.0], "bins": [-410.9078369140625, -403.3638916015625, -395.8199768066406, -388.2760314941406, -380.73211669921875, -373.18817138671875, -365.64422607421875, -358.1003112792969, -350.5563659667969, -343.0124206542969, -335.468505859375, -327.924560546875, -320.3806457519531, -312.8367004394531, -305.29278564453125, -297.74884033203125, -290.20489501953125, -282.66094970703125, -275.1170349121094, -267.5730895996094, -260.0291748046875, -252.4852294921875, -244.94129943847656, -237.39736938476562, -229.85345458984375, -222.3095245361328, -214.76559448242188, -207.22164916992188, -199.67771911621094, -192.1337890625, -184.58985900878906, -177.04592895507812, -169.50198364257812, -161.9580535888672, -154.41412353515625, -146.87017822265625, -139.3262481689453, -131.78231811523438, -124.23838806152344, -116.6944580078125, -109.15052032470703, -101.6065902709961, -94.06265258789062, -86.51872253417969, -78.97479248046875, -71.43085479736328, -63.886924743652344, -56.34299087524414, -48.79905700683594, -41.255123138427734, -33.71118927001953, -26.167259216308594, -18.62332534790039, -11.079391479492188, -3.53546142578125, 4.008472442626953, 11.552406311035156, 19.09634017944336, 26.64027214050293, 34.1842041015625, 41.7281379699707, 49.272071838378906, 56.816001892089844, 64.35993957519531, 71.90386962890625]}, "gradients/fc.2.bias": {"_type": "histogram", "values": [1.0, 0.0, 0.0, 0.0, 1.0, 1.0, 1.0, 0.0, 2.0, 0.0, 0.0, 1.0, 2.0, 3.0, 1.0, 2.0, 1.0, 3.0, 0.0, 2.0, 0.0, 1.0, 1.0, 4.0, 1.0, 3.0, 0.0, 2.0, 2.0, 1.0, 1.0, 0.0, 2.0, 27.0, 0.0, 1.0, 3.0, 1.0, 0.0, 1.0, 0.0, 2.0, 0.0, 5.0, 4.0, 0.0, 2.0, 1.0, 0.0, 1.0, 1.0, 2.0, 1.0, 0.0, 3.0, 1.0, 1.0, 1.0, 0.0, 0.0, 1.0, 0.0, 0.0, 2.0], "bins": [-12.719145774841309, -12.336359977722168, -11.953574180603027, -11.570788383483887, -11.188002586364746, -10.805216789245605, -10.422430992126465, -10.039645195007324, -9.656859397888184, -9.274073600769043, -8.891287803649902, -8.508502006530762, -8.125716209411621, -7.7429304122924805, -7.36014461517334, -6.977358818054199, -6.594573020935059, -6.211787223815918, -5.829001426696777, -5.446215629577637, -5.063429832458496, -4.6806440353393555, -4.297858238220215, -3.915072441101074, -3.5322866439819336, -3.149500846862793, -2.7667150497436523, -2.3839292526245117, -2.001143455505371, -1.6183576583862305, -1.2355718612670898, -0.8527860641479492, -0.470001220703125, -0.08721542358398438, 0.29557037353515625, 0.6783561706542969, 1.0611419677734375, 1.4439277648925781, 1.8267135620117188, 2.2094993591308594, 2.59228515625, 2.9750709533691406, 3.3578567504882812, 3.740642547607422, 4.1234283447265625, 4.506214141845703, 4.888999938964844, 5.271785736083984, 5.654571533203125, 6.037357330322266, 6.420143127441406, 6.802928924560547, 7.1857147216796875, 7.568500518798828, 7.951286315917969, 8.33407211303711, 8.71685791015625, 9.09964370727539, 9.482429504394531, 9.865215301513672, 10.248001098632812, 10.630786895751953, 11.013572692871094, 11.396358489990234, 11.779144287109375]}, "gradients/fc.2.weight": {"_type": "histogram", "values": [2.0, 0.0, 0.0, 1.0, 1.0, 4.0, 2.0, 3.0, 5.0, 8.0, 4.0, 7.0, 12.0, 14.0, 13.0, 21.0, 22.0, 26.0, 33.0, 44.0, 40.0, 54.0, 67.0, 87.0, 105.0, 128.0, 166.0, 179.0, 208.0, 259.0, 303.0, 356.0, 247.0, 5483.0, 332.0, 272.0, 258.0, 227.0, 174.0, 137.0, 141.0, 110.0, 85.0, 70.0, 54.0, 46.0, 29.0, 20.0, 25.0, 25.0, 17.0, 11.0, 17.0, 4.0, 14.0, 7.0, 5.0, 3.0, 4.0, 1.0, 3.0, 1.0, 1.0, 3.0], "bins": [-106.77934265136719, -103.56852722167969, -100.35771942138672, -97.14690399169922, -93.93608856201172, -90.72528076171875, -87.51446533203125, -84.30364990234375, -81.09283447265625, -77.88201904296875, -74.67121124267578, -71.46039581298828, -68.24958038330078, -65.03877258300781, -61.82795715332031, -58.61714172363281, -55.40633010864258, -52.195518493652344, -48.984703063964844, -45.77389144897461, -42.56307601928711, -39.352264404296875, -36.141448974609375, -32.93063735961914, -29.719823837280273, -26.509010314941406, -23.29819679260254, -20.087383270263672, -16.876571655273438, -13.66575813293457, -10.454944610595703, -7.244131088256836, -4.033317565917969, -0.8225042819976807, 2.3883090019226074, 5.599122047424316, 8.809935569763184, 12.020748138427734, 15.231561660766602, 18.44237518310547, 21.653188705444336, 24.864002227783203, 28.07481575012207, 31.285629272460938, 34.49644088745117, 37.707252502441406, 40.918067932128906, 44.128883361816406, 47.33969497680664, 50.550506591796875, 53.761322021484375, 56.97213363647461, 60.18294906616211, 63.393760681152344, 66.60457611083984, 69.81538391113281, 73.02619934082031, 76.23701477050781, 79.44782257080078, 82.65863800048828, 85.86945343017578, 89.08026123046875, 92.29107666015625, 95.50189208984375, 98.71270751953125]}, "gradients/fc.0.bias": {"_type": "histogram", "values": [1.0, 0.0, 0.0, 1.0, 0.0, 0.0, 2.0, 2.0, 1.0, 2.0, 0.0, 0.0, 1.0, 2.0, 3.0, 0.0, 2.0, 0.0, 0.0, 0.0, 3.0, 1.0, 3.0, 0.0, 0.0, 4.0, 2.0, 0.0, 3.0, 36.0, 5.0, 1.0, 2.0, 1.0, 3.0, 0.0, 1.0, 0.0, 1.0, 1.0, 3.0, 2.0, 0.0, 1.0, 1.0, 0.0, 1.0, 1.0, 0.0, 0.0, 1.0, 0.0, 2.0, 1.0, 1.0, 0.0, 1.0, 0.0, 0.0, 0.0, 0.0, 0.0, 0.0, 1.0],